<tree id='0'><item text='index' id='index.html'><item text='dhtmlxchart dhxoverview' id='dhtmlxchart___dhxoverview.html'></item><item text='dhtmlxchart dhxinit' id='dhtmlxchart___dhxinit.html'><item text='dhtmlxchart loading' id='dhtmlxchart___loading.html'></item></item><item text='dhtmlxchart dhxdata' id='dhtmlxchart___dhxdata.html'></item><item text='dhtmlxchart dhxcolor' id='dhtmlxchart___dhxcolor.html'></item><item text='dhtmlxchart dhxchartlist' id='dhtmlxchart___dhxchartlist.html'></item><item text='dhtmlxchart dhxarea' id='dhtmlxchart___dhxarea.html'><item text='dhtmlxchart fullareacodelink' id='dhtmlxchart___fullareacodelink.html'><item text='dhtmlxchart areaexample' id='dhtmlxchart___areaexample.html'></item><item text='dhtmlxchart stareaexample' id='dhtmlxchart___stareaexample.html'></item></item></item><item text='dhtmlxchart dhxbar' id='dhtmlxchart___dhxbar.html'><item text='dhtmlxchart baraddseriesexample' id='dhtmlxchart___baraddseriesexample.html'></item><item text='dhtmlxchart fullcodebarlink' id='dhtmlxchart___fullcodebarlink.html'><item text='dhtmlxchart vbexample' id='dhtmlxchart___vbexample.html'></item><item text='dhtmlxchart hbexample' id='dhtmlxchart___hbexample.html'></item><item text='dhtmlxchart svbexample' id='dhtmlxchart___svbexample.html'></item><item text='dhtmlxchart shbexample' id='dhtmlxchart___shbexample.html'></item></item></item><item text='dhtmlxchart dhxgraphic' id='dhtmlxchart___dhxgraphic.html'><item text='dhtmlxchart addserieslineexample' id='dhtmlxchart___addserieslineexample.html'></item><item text='dhtmlxchart fulgraphiclcodelink' id='dhtmlxchart___fulgraphiclcodelink.html'><item text='dhtmlxchart lineexample' id='dhtmlxchart___lineexample.html'></item><item text='dhtmlxchart splineexample' id='dhtmlxchart___splineexample.html'></item></item></item><item text='dhtmlxchart dhxpie' id='dhtmlxchart___dhxpie.html'><item text='dhtmlxchart fullpie3dcodelink' id='dhtmlxchart___fullpie3dcodelink.html'><item text='dhtmlxchart pieexample' id='dhtmlxchart___pieexample.html'></item><item text='dhtmlxchart 3dpieexample' id='dhtmlxchart___3dpieexample.html'></item></item></item><item text='dhtmlxchart dhxscale' id='dhtmlxchart___dhxscale.html'></item><item text='dhtmlxchart dhxlabel' id='dhtmlxchart___dhxlabel.html'><item text='dhtmlxchart templates' id='dhtmlxchart___templates.html'></item></item><item text='dhtmlxchart dhxtooltip' id='dhtmlxchart___dhxtooltip.html'></item><item text='dhtmlxchart dhxadd' id='dhtmlxchart___dhxadd.html'><item text='dhtmlxchart deleteexample' id='dhtmlxchart___deleteexample.html'></item></item><item text='dhtmlxchart dhxgroup' id='dhtmlxchart___dhxgroup.html'><item text='dhtmlxchart functor' id='dhtmlxchart___functor.html'><item text='dhtmlxchart grouping' id='dhtmlxchart___grouping.html'></item></item><item text='dhtmlxchart groopingexample' id='dhtmlxchart___groopingexample.html'></item></item><item text='dhtmlxchart dhxevent' id='dhtmlxchart___dhxevent.html'><item text='dhtmlxchart event onbeforeadd' id='dhtmlxchart___event_onbeforeadd.html'></item><item text='dhtmlxchart event onbeforedelete' id='dhtmlxchart___event_onbeforedelete.html'></item><item text='dhtmlxchart event onbeforerender' id='dhtmlxchart___event_onbeforerender.html'></item><item text='dhtmlxchart event onbeforesort' id='dhtmlxchart___event_onbeforesort.html'></item><item text='dhtmlxchart event onafteradd' id='dhtmlxchart___event_onafteradd.html'></item><item text='dhtmlxchart event onafterdelete' id='dhtmlxchart___event_onafterdelete.html'></item><item text='dhtmlxchart event onaftersort' id='dhtmlxchart___event_onaftersort.html'></item><item text='dhtmlxchart event onitemclick' id='dhtmlxchart___event_onitemclick.html'></item><item text='dhtmlxchart event onitemdblclick' id='dhtmlxchart___event_onitemdblclick.html'></item><item text='dhtmlxchart event onmousemove' id='dhtmlxchart___event_onmousemove.html'></item><item text='dhtmlxchart event onmousemoving' id='dhtmlxchart___event_onmousemoving.html'></item><item text='dhtmlxchart event onmouseout' id='dhtmlxchart___event_onmouseout.html'></item><item text='dhtmlxchart event onxle' id='dhtmlxchart___event_onxle.html'></item><item text='dhtmlxchart event onxls' id='dhtmlxchart___event_onxls.html'></item><item text='dhtmlxchart eventexample' id='dhtmlxchart___eventexample.html'></item></item><item text='dhtmlxchart dhxsorting' id='dhtmlxchart___dhxsorting.html'><item text='dhtmlxchart sortingexample' id='dhtmlxchart___sortingexample.html'></item></item><item text='dhtmlxchart dhxfilter' id='dhtmlxchart___dhxfilter.html'><item text='dhtmlxchart filteringexample' id='dhtmlxchart___filteringexample.html'></item></item><item text='dhtmlxchart dhxconstructor' id='dhtmlxchart___dhxconstructor.html'></item><item text='dhtmlxchart configuration properties' id='dhtmlxchart___configuration_properties.html'><item text='dhtmlxchart barchart properties' id='dhtmlxchart___barchart_properties.html'><item text='dhtmlxchart property barcontainer' id='dhtmlxchart___property_barcontainer.html'></item><item text='dhtmlxchart property type' id='dhtmlxchart___property_type.html'></item><item text='dhtmlxchart property barvalue' id='dhtmlxchart___property_barvalue.html'></item><item text='dhtmlxchart property baralpha' id='dhtmlxchart___property_baralpha.html'></item><item text='dhtmlxchart property border' id='dhtmlxchart___property_border.html'></item><item text='dhtmlxchart property bargradient' id='dhtmlxchart___property_bargradient.html'></item><item text='dhtmlxchart property barpadding' id='dhtmlxchart___property_barpadding.html'></item><item text='dhtmlxchart property width' id='dhtmlxchart___property_width.html'></item><item text='dhtmlxchart property barradius' id='dhtmlxchart___property_barradius.html'></item></item><item text='dhtmlxchart graphic properties' id='dhtmlxchart___graphic_properties.html'><item text='dhtmlxchart property grcontainer' id='dhtmlxchart___property_grcontainer.html'></item><item text='dhtmlxchart property grtype' id='dhtmlxchart___property_grtype.html'></item><item text='dhtmlxchart property grvalue' id='dhtmlxchart___property_grvalue.html'></item><item text='dhtmlxchart property item' id='dhtmlxchart___property_item.html'></item><item text='dhtmlxchart property line' id='dhtmlxchart___property_line.html'></item><item text='dhtmlxchart property grpadding' id='dhtmlxchart___property_grpadding.html'></item></item><item text='dhtmlxchart piechart properties' id='dhtmlxchart___piechart_properties.html'><item text='dhtmlxchart property piecontainer' id='dhtmlxchart___property_piecontainer.html'></item><item text='dhtmlxchart property pietype' id='dhtmlxchart___property_pietype.html'></item><item text='dhtmlxchart property pievalue' id='dhtmlxchart___property_pievalue.html'></item><item text='dhtmlxchart property piegradient' id='dhtmlxchart___property_piegradient.html'></item><item text='dhtmlxchart property pieradius' id='dhtmlxchart___property_pieradius.html'></item><item text='dhtmlxchart property xpie' id='dhtmlxchart___property_xpie.html'></item><item text='dhtmlxchart property ypie' id='dhtmlxchart___property_ypie.html'></item><item text='dhtmlxchart property shadow' id='dhtmlxchart___property_shadow.html'></item><item text='dhtmlxchart property cant' id='dhtmlxchart___property_cant.html'></item><item text='dhtmlxchart property pieheight' id='dhtmlxchart___property_pieheight.html'></item><item text='dhtmlxchart property pieinnertext' id='dhtmlxchart___property_pieinnertext.html'></item></item><item text='dhtmlxchart areachart properties' id='dhtmlxchart___areachart_properties.html'><item text='dhtmlxchart property container' id='dhtmlxchart___property_container.html'></item><item text='dhtmlxchart property areatype' id='dhtmlxchart___property_areatype.html'></item><item text='dhtmlxchart property value' id='dhtmlxchart___property_value.html'></item><item text='dhtmlxchart property alpha' id='dhtmlxchart___property_alpha.html'></item><item text='dhtmlxchart property color' id='dhtmlxchart___property_color.html'></item><item text='dhtmlxchart property padding' id='dhtmlxchart___property_padding.html'></item><item text='dhtmlxchart property details' id='dhtmlxchart___property_details.html'></item></item></item><item text='dhtmlxchart dhxalphabet' id='dhtmlxchart___dhxalphabet.html'></item><item text='dhtmlxchart dhxcategory' id='dhtmlxchart___dhxcategory.html'><item text='dhtmlxchart api method dhtmlxchart define' id='dhtmlxchart___api_method_dhtmlxchart_define.html'></item><item text='dhtmlxchart api method dhtmlxchart attachevent' id='dhtmlxchart___api_method_dhtmlxchart_attachevent.html'></item><item text='dhtmlxchart api method dhtmlxchart detachevent' id='dhtmlxchart___api_method_dhtmlxchart_detachevent.html'></item><item text='dhtmlxchart api method dhtmlxchart add' id='dhtmlxchart___api_method_dhtmlxchart_add.html'></item><item text='dhtmlxchart api method dhtmlxchart addseries' id='dhtmlxchart___api_method_dhtmlxchart_addseries.html'></item><item text='dhtmlxchart api method dhtmlxchart remove' id='dhtmlxchart___api_method_dhtmlxchart_remove.html'></item><item text='dhtmlxchart api method dhtmlxchart clearall' id='dhtmlxchart___api_method_dhtmlxchart_clearall.html'></item><item text='dhtmlxchart api method dhtmlxchart get' id='dhtmlxchart___api_method_dhtmlxchart_get.html'></item><item text='dhtmlxchart api method dhtmlxchart set' id='dhtmlxchart___api_method_dhtmlxchart_set.html'></item><item text='dhtmlxchart api method dhtmlxchart refresh' id='dhtmlxchart___api_method_dhtmlxchart_refresh.html'></item><item text='dhtmlxchart api method dhtmlxchart filter' id='dhtmlxchart___api_method_dhtmlxchart_filter.html'></item><item text='dhtmlxchart api method dhtmlxchart group' id='dhtmlxchart___api_method_dhtmlxchart_group.html'></item><item text='dhtmlxchart api method dhtmlxchart sort' id='dhtmlxchart___api_method_dhtmlxchart_sort.html'></item><item text='dhtmlxchart api method dhtmlxchart datacount' id='dhtmlxchart___api_method_dhtmlxchart_datacount.html'></item><item text='dhtmlxchart api method dhtmlxchart exists' id='dhtmlxchart___api_method_dhtmlxchart_exists.html'></item><item text='dhtmlxchart api method dhtmlxchart idbyindex' id='dhtmlxchart___api_method_dhtmlxchart_idbyindex.html'></item><item text='dhtmlxchart api method dhtmlxchart indexbyid' id='dhtmlxchart___api_method_dhtmlxchart_indexbyid.html'></item><item text='dhtmlxchart api method dhtmlxchart next' id='dhtmlxchart___api_method_dhtmlxchart_next.html'></item><item text='dhtmlxchart api method dhtmlxchart previous' id='dhtmlxchart___api_method_dhtmlxchart_previous.html'></item><item text='dhtmlxchart api method dhtmlxchart first' id='dhtmlxchart___api_method_dhtmlxchart_first.html'></item><item text='dhtmlxchart api method dhtmlxchart last' id='dhtmlxchart___api_method_dhtmlxchart_last.html'></item><item text='dhtmlxchart api method dhtmlxchart parse' id='dhtmlxchart___api_method_dhtmlxchart_parse.html'></item><item text='dhtmlxchart api method dhtmlxchart load' id='dhtmlxchart___api_method_dhtmlxchart_load.html'></item></item><item text='dhtmlxchart dhxrelevant' id='dhtmlxchart___dhxrelevant.html'></item></item></tree>